wk,Data,Hora,T1,i1,R1,,R2,i2,T2,TV
1,07/09,21:30,New England Patriots,"<img src=""https://fsorodrigues.github.io/nfl_table/img/patriots.png"" />",27,x,42,"<img src=""https://fsorodrigues.github.io/nfl_table/img/chiefs.png"" />",Kansas City Chiefs,ESPN
1,10/09,14:00,Cincinnati Bengals,"<img src=""https://fsorodrigues.github.io/nfl_table/img/bengals.png"" />",0,x,20,"<img src=""https://fsorodrigues.github.io/nfl_table/img/ravens.png"" />",Baltimore Ravens,
1,10/09,14:00,Houston Texans,"<img src=""https://fsorodrigues.github.io/nfl_table/img/texans.png"" />",7,x,29,"<img src=""https://fsorodrigues.github.io/nfl_table/img/jaguars.png"" />",Jacksonville Jaguars,
1,10/09,14:00,Tennessee Titans,"<img src=""https://fsorodrigues.github.io/nfl_table/img/titans.png"" />",16,x,26,"<img src=""https://fsorodrigues.github.io/nfl_table/img/raiders.png"" />",Oakland Raiders,
1,10/09,14:00,Cleveland Browns,"<img src=""https://fsorodrigues.github.io/nfl_table/img/browns.png"" />",18,x,21,"<img src=""https://fsorodrigues.github.io/nfl_table/img/steelers.png"" />",Pittsburgh Steelers,
1,10/09,14:00,Detroit Lions,"<img src=""https://fsorodrigues.github.io/nfl_table/img/lions.png"" />",35,x,23,"<img src=""https://fsorodrigues.github.io/nfl_table/img/cardinals.png"" />",Arizona Cardinals,
1,10/09,14:00,Chicago Bears,"<img src=""https://fsorodrigues.github.io/nfl_table/img/bears.png"" />",17,x,23,"<img src=""https://fsorodrigues.github.io/nfl_table/img/falcons.png"" />",Atlanta Falcons,
1,10/09,14:00,Buffalo Bills,"<img src=""https://fsorodrigues.github.io/nfl_table/img/bills.png"" />",21,x,12,"<img src=""https://fsorodrigues.github.io/nfl_table/img/jets.png"" />",New York Jets,
1,10/09,14:00,Washington Redskins,"<img src=""https://fsorodrigues.github.io/nfl_table/img/redskins.png"" />",17,x,30,"<img src=""https://fsorodrigues.github.io/nfl_table/img/eagles.png"" />",Philadelphia Eagles,
1,10/09,17:05,Los Angeles Rams,"<img src=""https://fsorodrigues.github.io/nfl_table/img/rams.png"" />",46,x,9,"<img src=""https://fsorodrigues.github.io/nfl_table/img/colts.png"" />",Indianapolis Colts,
1,10/09,17:25,San Francisco 49ers,"<img src=""https://fsorodrigues.github.io/nfl_table/img/49ers.png"" />",3,x,23,"<img src=""https://fsorodrigues.github.io/nfl_table/img/panthers.png"" />",Carolina Panthers,
1,10/09,17:25,Green Bay Packers,"<img src=""https://fsorodrigues.github.io/nfl_table/img/packers.png"" />",17,x,9,"<img src=""https://fsorodrigues.github.io/nfl_table/img/seahawks.png"" />",Seattle Seahawks,
1,10/09,21:30,Dallas Cowboys,"<img src=""https://fsorodrigues.github.io/nfl_table/img/cowboys.png"" />",19,x,3,"<img src=""https://fsorodrigues.github.io/nfl_table/img/giants.png"" />",New York Giants,
1,11/09,08:10,Minnesota Vikings,"<img src=""https://fsorodrigues.github.io/nfl_table/img/vikings.png"" />",29,x,19,"<img src=""https://fsorodrigues.github.io/nfl_table/img/saints.png"" />",New Orleans Saints,ESPN
1,11/09,23:20,Denver Broncos,"<img src=""https://fsorodrigues.github.io/nfl_table/img/broncos.png"" />",24,x,21,"<img src=""https://fsorodrigues.github.io/nfl_table/img/chargers.png"" />",Los Angeles Chargers,ESPN
2,14/09,21:25,Cincinnati Bengals,"<img src=""https://fsorodrigues.github.io/nfl_table/img/bengals.png"" />",9,x,13,"<img src=""https://fsorodrigues.github.io/nfl_table/img/texans.png"" />",Houston Texans,ESPN
2,17/09,14:00,Pittsburgh Steelers,"<img src=""https://fsorodrigues.github.io/nfl_table/img/steelers.png"" />",26,x,9,"<img src=""https://fsorodrigues.github.io/nfl_table/img/vikings.png"" />",Minnesota Vikings,
2,17/09,14:00,Tampa Bay Buccaneers,"<img src=""https://fsorodrigues.github.io/nfl_table/img/bucs.png"" />",29,x,7,"<img src=""https://fsorodrigues.github.io/nfl_table/img/bears.png"" />",Chicago Bears,
2,17/09,14:00,Carolina Panthers,"<img src=""https://fsorodrigues.github.io/nfl_table/img/panthers.png"" />",9,x,3,"<img src=""https://fsorodrigues.github.io/nfl_table/img/bills.png"" />",Buffalo Bills,
2,17/09,14:00,Jacksonville Jaguars,"<img src=""https://fsorodrigues.github.io/nfl_table/img/jaguars.png"" />",16,x,37,"<img src=""https://fsorodrigues.github.io/nfl_table/img/titans.png"" />",Tennessee Titans,
2,17/09,14:00,New Orleans Saints,"<img src=""https://fsorodrigues.github.io/nfl_table/img/saints.png"" />",20,x,36,"<img src=""https://fsorodrigues.github.io/nfl_table/img/patriots.png"" />",New England Patriots,
2,17/09,14:00,Baltimore Ravens,"<img src=""https://fsorodrigues.github.io/nfl_table/img/ravens.png"" />",24,x,10,"<img src=""https://fsorodrigues.github.io/nfl_table/img/browns.png"" />",Cleveland Browns,
2,17/09,14:00,Indianapolis Colts,"<img src=""https://fsorodrigues.github.io/nfl_table/img/colts.png"" />",13,x,16,"<img src=""https://fsorodrigues.github.io/nfl_table/img/cardinals.png"" />",Arizona Cardinals,
2,17/09,14:00,Kansas City Chiefs,"<img src=""https://fsorodrigues.github.io/nfl_table/img/chiefs.png"" />",27,x,20,"<img src=""https://fsorodrigues.github.io/nfl_table/img/eagles.png"" />",Philadelphia Eagles,
2,17/09,17:05,Los Angeles Chargers,"<img src=""https://fsorodrigues.github.io/nfl_table/img/chargers.png"" />",17,x,19,"<img src=""https://fsorodrigues.github.io/nfl_table/img/dolphins.png"" />",Miami Dolphins,
2,17/09,17:05,Oakland Raiders,"<img src=""https://fsorodrigues.github.io/nfl_table/img/raiders.png"" />",45,x,20,"<img src=""https://fsorodrigues.github.io/nfl_table/img/jets.png"" />",New York Jets,
2,17/09,17:25,Seattle Seahawks,"<img src=""https://fsorodrigues.github.io/nfl_table/img/seahawks.png"" />",12,x,9,"<img src=""https://fsorodrigues.github.io/nfl_table/img/49ers.png"" />",San Francisco 49ers,
2,17/09,17:25,Los Angeles Rams,"<img src=""https://fsorodrigues.github.io/nfl_table/img/rams.png"" />",20,x,27,"<img src=""https://fsorodrigues.github.io/nfl_table/img/redskins.png"" />",Washington Redskins,
2,17/09,17:25,Denver Broncos,"<img src=""https://fsorodrigues.github.io/nfl_table/img/broncos.png"" />",42,x,17,"<img src=""https://fsorodrigues.github.io/nfl_table/img/cowboys.png"" />",Dallas Cowboys,
2,17/09,21:30,Atlanta Falcons,"<img src=""https://fsorodrigues.github.io/nfl_table/img/falcons.png"" />",34,x,23,"<img src=""https://fsorodrigues.github.io/nfl_table/img/packers.png"" />",Green Bay Packers,ESPN
2,18/09,21:30,New York Giants,"<img src=""https://fsorodrigues.github.io/nfl_table/img/giants.png"" />",10,x,24,"<img src=""https://fsorodrigues.github.io/nfl_table/img/lions.png"" />",Detroit Lions,ESPN
3,21/09,21:25,San Francisco 49ers,"<img src=""https://fsorodrigues.github.io/nfl_table/img/49ers.png"" />",39,x,41,"<img src=""https://fsorodrigues.github.io/nfl_table/img/rams.png"" />",Los Angeles Rams,ESPN
3,24/09,22:30,Jacksonville Jaguars,"<img src=""https://fsorodrigues.github.io/nfl_table/img/jaguars.png"" />",44,x,7,"<img src=""https://fsorodrigues.github.io/nfl_table/img/ravens.png"" />",Baltimore Ravens,
3,24/09,14:00,New York Jets,"<img src=""https://fsorodrigues.github.io/nfl_table/img/jets.png"" />",20,x,6,"<img src=""https://fsorodrigues.github.io/nfl_table/img/dolphins.png"" />",Miami Dolphins,
3,24/09,14:00,Philadelphia Eagles,"<img src=""https://fsorodrigues.github.io/nfl_table/img/eagles.png"" />",27,x,24,"<img src=""https://fsorodrigues.github.io/nfl_table/img/giants.png"" />",New York Giants,
3,24/09,14:00,Carolina Panthers,"<img src=""https://fsorodrigues.github.io/nfl_table/img/panthers.png"" />",13,x,34,"<img src=""https://fsorodrigues.github.io/nfl_table/img/saints.png"" />",New Orleans Saints,
3,24/09,14:00,Detroit Lions,"<img src=""https://fsorodrigues.github.io/nfl_table/img/lions.png"" />",26,x,30,"<img src=""https://fsorodrigues.github.io/nfl_table/img/falcons.png"" />",Atlanta Falcons,
3,24/09,14:00,Minnesota Vikings,"<img src=""https://fsorodrigues.github.io/nfl_table/img/vikings.png"" />",34,x,17,"<img src=""https://fsorodrigues.github.io/nfl_table/img/bucs.png"" />",Tampa Bay Buccaneers,
3,24/09,14:00,Chicago Bears,"<img src=""https://fsorodrigues.github.io/nfl_table/img/bears.png"" />",23,x,17,"<img src=""https://fsorodrigues.github.io/nfl_table/img/steelers.png"" />",Pittsburgh Steelers,
3,24/09,14:00,Buffalo Bills,"<img src=""https://fsorodrigues.github.io/nfl_table/img/bills.png"" />",26,x,16,"<img src=""https://fsorodrigues.github.io/nfl_table/img/broncos.png"" />",Denver Broncos,
3,24/09,14:00,New England Patriots,"<img src=""https://fsorodrigues.github.io/nfl_table/img/patriots.png"" />",36,x,33,"<img src=""https://fsorodrigues.github.io/nfl_table/img/texans.png"" />",Houston Texans,
3,24/09,14:00,Indianapolis Colts,"<img src=""https://fsorodrigues.github.io/nfl_table/img/colts.png"" />",31,x,28,"<img src=""https://fsorodrigues.github.io/nfl_table/img/browns.png"" />",Cleveland Browns,
3,24/09,17:05,Tennessee Titans,"<img src=""https://fsorodrigues.github.io/nfl_table/img/titans.png"" />",33,x,27,"<img src=""https://fsorodrigues.github.io/nfl_table/img/seahawks.png"" />",Seattle Seahawks,
3,24/09,17:25,Los Angeles Chargers,"<img src=""https://fsorodrigues.github.io/nfl_table/img/chargers.png"" />",10,x,24,"<img src=""https://fsorodrigues.github.io/nfl_table/img/chiefs.png"" />",Kansas City Chiefs,
3,24/09,17:25,Green Bay Packers,"<img src=""https://fsorodrigues.github.io/nfl_table/img/packers.png"" />",27,x,24,"<img src=""https://fsorodrigues.github.io/nfl_table/img/bengals.png"" />",Cincinnati Bengals,
3,24/09,21:30,Washington Redskins,"<img src=""https://fsorodrigues.github.io/nfl_table/img/redskins.png"" />",27,x,10,"<img src=""https://fsorodrigues.github.io/nfl_table/img/raiders.png"" />",Oakland Raiders,ESPN
3,25/09,21:30,Arizona Cardinals,"<img src=""https://fsorodrigues.github.io/nfl_table/img/cardinals.png"" />",17,x,28,"<img src=""https://fsorodrigues.github.io/nfl_table/img/cowboys.png"" />",Dallas Cowboys,ESPN
4,28/09,21:25,Green Bay Packers,"<img src=""https://fsorodrigues.github.io/nfl_table/img/packers.png"" />",35,x,14,"<img src=""https://fsorodrigues.github.io/nfl_table/img/bears.png"" />",Chicago Bears,ESPN
4,01/10,10:30,Miami Dolphins,"<img src=""https://fsorodrigues.github.io/nfl_table/img/dolphins.png"" />",0,x,20,"<img src=""https://fsorodrigues.github.io/nfl_table/img/saints.png"" />",New Orleans Saints,
4,01/10,14:00,Cleveland Browns,"<img src=""https://fsorodrigues.github.io/nfl_table/img/browns.png"" />",7,x,31,"<img src=""https://fsorodrigues.github.io/nfl_table/img/bengals.png"" />",Cincinnati Bengals,
4,01/10,14:00,Dallas Cowboys,"<img src=""https://fsorodrigues.github.io/nfl_table/img/cowboys.png"" />",30,x,35,"<img src=""https://fsorodrigues.github.io/nfl_table/img/rams.png"" />",Los Angeles Rams,
4,01/10,14:00,Baltimore Ravens,"<img src=""https://fsorodrigues.github.io/nfl_table/img/ravens.png"" />",9,x,26,"<img src=""https://fsorodrigues.github.io/nfl_table/img/steelers.png"" />",Pittsburgh Steelers,
4,01/10,14:00,New England Patriots,"<img src=""https://fsorodrigues.github.io/nfl_table/img/patriots.png"" />",30,x,33,"<img src=""https://fsorodrigues.github.io/nfl_table/img/panthers.png"" />",Carolina Panthers,
4,01/10,14:00,Atlanta Falcons,"<img src=""https://fsorodrigues.github.io/nfl_table/img/falcons.png"" />",17,x,23,"<img src=""https://fsorodrigues.github.io/nfl_table/img/bills.png"" />",Buffalo Bills,
4,01/10,14:00,Minnesota Vikings,"<img src=""https://fsorodrigues.github.io/nfl_table/img/vikings.png"" />",7,x,14,"<img src=""https://fsorodrigues.github.io/nfl_table/img/lions.png"" />",Detroit Lions,
4,01/10,14:00,Houston Texans,"<img src=""https://fsorodrigues.github.io/nfl_table/img/texans.png"" />",57,x,14,"<img src=""https://fsorodrigues.github.io/nfl_table/img/titans.png"" />",Tennessee Titans,
4,01/10,14:00,New York Jets,"<img src=""https://fsorodrigues.github.io/nfl_table/img/jets.png"" />",23,x,20,"<img src=""https://fsorodrigues.github.io/nfl_table/img/jaguars.png"" />",Jacksonville Jaguars,
4,01/10,17:05,Los Angeles Chargers,"<img src=""https://fsorodrigues.github.io/nfl_table/img/chargers.png"" />",24,x,26,"<img src=""https://fsorodrigues.github.io/nfl_table/img/eagles.png"" />",Philadelphia Eagles,
4,01/10,17:05,Arizona Cardinals,"<img src=""https://fsorodrigues.github.io/nfl_table/img/cardinals.png"" />",18,x,15,"<img src=""https://fsorodrigues.github.io/nfl_table/img/49ers.png"" />",San Francisco 49ers,
4,01/10,17:05,Tampa Bay Buccaneers,"<img src=""https://fsorodrigues.github.io/nfl_table/img/bucs.png"" />",25,x,23,"<img src=""https://fsorodrigues.github.io/nfl_table/img/giants.png"" />",New York Giants,
4,01/10,17:25,Denver Broncos,"<img src=""https://fsorodrigues.github.io/nfl_table/img/broncos.png"" />",16,x,10,"<img src=""https://fsorodrigues.github.io/nfl_table/img/raiders.png"" />",Oakland Raiders,
4,01/10,21:30,Seattle Seahawks,"<img src=""https://fsorodrigues.github.io/nfl_table/img/seahawks.png"" />",46,x,18,"<img src=""https://fsorodrigues.github.io/nfl_table/img/colts.png"" />",Indianapolis Colts,ESPN
4,02/10,21:30,Kansas City Chiefs,"<img src=""https://fsorodrigues.github.io/nfl_table/img/chiefs.png"" />",29,x,20,"<img src=""https://fsorodrigues.github.io/nfl_table/img/redskins.png"" />",Washington Redskins,ESPN
5,05/10,21:25,Tampa Bay Buccaneers,"<img src=""https://fsorodrigues.github.io/nfl_table/img/bucs.png"" />",14,x,19,"<img src=""https://fsorodrigues.github.io/nfl_table/img/patriots.png"" />",New England Patriots,ESPN
5,08/10,14:00,Miami Dolphins,"<img src=""https://fsorodrigues.github.io/nfl_table/img/dolphins.png"" />",16,x,10,"<img src=""https://fsorodrigues.github.io/nfl_table/img/titans.png"" />",Tennessee Titans,
5,08/10,14:00,Cleveland Browns,"<img src=""https://fsorodrigues.github.io/nfl_table/img/browns.png"" />",14,x,17,"<img src=""https://fsorodrigues.github.io/nfl_table/img/jets.png"" />",New York Jets,
5,08/10,14:00,Pittsburgh Steelers,"<img src=""https://fsorodrigues.github.io/nfl_table/img/steelers.png"" />",9,x,30,"<img src=""https://fsorodrigues.github.io/nfl_table/img/jaguars.png"" />",Jacksonville Jaguars,
5,08/10,14:00,Indianapolis Colts,"<img src=""https://fsorodrigues.github.io/nfl_table/img/colts.png"" />",26,x,23,"<img src=""https://fsorodrigues.github.io/nfl_table/img/49ers.png"" />",San Francisco 49ers,
5,08/10,14:00,Philadelphia Eagles,"<img src=""https://fsorodrigues.github.io/nfl_table/img/eagles.png"" />",34,x,7,"<img src=""https://fsorodrigues.github.io/nfl_table/img/cardinals.png"" />",Arizona Cardinals,
5,08/10,14:00,Cincinnati Bengals,"<img src=""https://fsorodrigues.github.io/nfl_table/img/bengals.png"" />",20,x,16,"<img src=""https://fsorodrigues.github.io/nfl_table/img/bills.png"" />",Buffalo Bills,
5,08/10,14:00,New York Giants,"<img src=""https://fsorodrigues.github.io/nfl_table/img/giants.png"" />",22,x,27,"<img src=""https://fsorodrigues.github.io/nfl_table/img/chargers.png"" />",Los Angeles Chargers,
5,08/10,14:00,Detroit Lions,"<img src=""https://fsorodrigues.github.io/nfl_table/img/lions.png"" />",24,x,27,"<img src=""https://fsorodrigues.github.io/nfl_table/img/panthers.png"" />",Carolina Panthers,
5,08/10,17:05,Los Angeles Rams,"<img src=""https://fsorodrigues.github.io/nfl_table/img/rams.png"" />",10,x,16,"<img src=""https://fsorodrigues.github.io/nfl_table/img/seahawks.png"" />",Seattle Seahawks,
5,08/10,17:05,Oakland Raiders,"<img src=""https://fsorodrigues.github.io/nfl_table/img/raiders.png"" />",17,x,30,"<img src=""https://fsorodrigues.github.io/nfl_table/img/ravens.png"" />",Baltimore Ravens,
5,08/10,17:25,Dallas Cowboys,"<img src=""https://fsorodrigues.github.io/nfl_table/img/cowboys.png"" />",31,x,35,"<img src=""https://fsorodrigues.github.io/nfl_table/img/packers.png"" />",Green Bay Packers,
5,08/10,21:30,Houston Texans,"<img src=""https://fsorodrigues.github.io/nfl_table/img/texans.png"" />",34,x,42,"<img src=""https://fsorodrigues.github.io/nfl_table/img/chiefs.png"" />",Kansas City Chiefs,ESPN
5,09/10,21:30,Chicago Bears,"<img src=""https://fsorodrigues.github.io/nfl_table/img/bears.png"" />",17,x,20,"<img src=""https://fsorodrigues.github.io/nfl_table/img/vikings.png"" />",Minnesota Vikings,ESPN
6,12/10,21:25,Carolina Panthers,"<img src=""https://fsorodrigues.github.io/nfl_table/img/panthers.png"" />",23,x,28,"<img src=""https://fsorodrigues.github.io/nfl_table/img/eagles.png"" />",Philadelphia Eagles,ESPN
6,15/10,15:00,Atlanta Falcons,"<img src=""https://fsorodrigues.github.io/nfl_table/img/falcons.png"" />",17,x,20,"<img src=""https://fsorodrigues.github.io/nfl_table/img/dolphins.png"" />",Miami Dolphins,
6,15/10,15:00,Baltimore Ravens,"<img src=""https://fsorodrigues.github.io/nfl_table/img/ravens.png"" />",24,x,27,"<img src=""https://fsorodrigues.github.io/nfl_table/img/bears.png"" />",Chicago Bears,
6,15/10,15:00,New York Jets,"<img src=""https://fsorodrigues.github.io/nfl_table/img/jets.png"" />",17,x,24,"<img src=""https://fsorodrigues.github.io/nfl_table/img/patriots.png"" />",New England Patriots,
6,15/10,15:00,Minnesota Vikings,"<img src=""https://fsorodrigues.github.io/nfl_table/img/vikings.png"" />",23,x,10,"<img src=""https://fsorodrigues.github.io/nfl_table/img/packers.png"" />",Green Bay Packers,
6,15/10,15:00,Houston Texans,"<img src=""https://fsorodrigues.github.io/nfl_table/img/texans.png"" />",33,x,17,"<img src=""https://fsorodrigues.github.io/nfl_table/img/browns.png"" />",Cleveland Browns,
6,15/10,15:00,New Orleans Saints,"<img src=""https://fsorodrigues.github.io/nfl_table/img/saints.png"" />",52,x,38,"<img src=""https://fsorodrigues.github.io/nfl_table/img/lions.png"" />",Detroit Lions,
6,15/10,15:00,Washington Redskins,"<img src=""https://fsorodrigues.github.io/nfl_table/img/redskins.png"" />",26,x,24,"<img src=""https://fsorodrigues.github.io/nfl_table/img/49ers.png"" />",San Francisco 49ers,
6,15/10,18:05,Arizona Cardinals,"<img src=""https://fsorodrigues.github.io/nfl_table/img/cardinals.png"" />",38,x,33,"<img src=""https://fsorodrigues.github.io/nfl_table/img/bucs.png"" />",Tampa Bay Buccaneers,
6,15/10,18:05,Jacksonville Jaguars,"<img src=""https://fsorodrigues.github.io/nfl_table/img/jaguars.png"" />",17,x,27,"<img src=""https://fsorodrigues.github.io/nfl_table/img/rams.png"" />",Los Angeles Rams,
6,15/10,18:25,Kansas City Chiefs,"<img src=""https://fsorodrigues.github.io/nfl_table/img/chiefs.png"" />",13,x,19,"<img src=""https://fsorodrigues.github.io/nfl_table/img/steelers.png"" />",Pittsburgh Steelers,
6,15/10,18:25,Oakland Raiders,"<img src=""https://fsorodrigues.github.io/nfl_table/img/raiders.png"" />",16,x,17,"<img src=""https://fsorodrigues.github.io/nfl_table/img/chargers.png"" />",Los Angeles Chargers,
6,15/10,22:30,Denver Broncos,"<img src=""https://fsorodrigues.github.io/nfl_table/img/broncos.png"" />",10,x,23,"<img src=""https://fsorodrigues.github.io/nfl_table/img/giants.png"" />",New York Giants,ESPN
6,16/10,22:30,Tennessee Titans,"<img src=""https://fsorodrigues.github.io/nfl_table/img/titans.png"" />",36,x,22,"<img src=""https://fsorodrigues.github.io/nfl_table/img/colts.png"" />",Indianapolis Colts,ESPN
7,19/10,22:25,Oakland Raiders,"<img src=""https://fsorodrigues.github.io/nfl_table/img/raiders.png"" />",31,x,30,"<img src=""https://fsorodrigues.github.io/nfl_table/img/chiefs.png"" />",Kansas City Chiefs,ESPN
7,22/10,15:00,Buffalo Bills,"<img src=""https://fsorodrigues.github.io/nfl_table/img/bills.png"" />",30,x,27,"<img src=""https://fsorodrigues.github.io/nfl_table/img/bucs.png"" />",Tampa Bay Buccaneers,
7,22/10,15:00,Cleveland Browns,"<img src=""https://fsorodrigues.github.io/nfl_table/img/browns.png"" />",9,x,12,"<img src=""https://fsorodrigues.github.io/nfl_table/img/titans.png"" />",Tennessee Titans,
7,22/10,15:00,Green Bay Packers,"<img src=""https://fsorodrigues.github.io/nfl_table/img/packers.png"" />",17,x,26,"<img src=""https://fsorodrigues.github.io/nfl_table/img/saints.png"" />",New Orleans Saints,ESPN
7,22/10,15:00,Miami Dolphins,"<img src=""https://fsorodrigues.github.io/nfl_table/img/dolphins.png"" />",31,x,28,"<img src=""https://fsorodrigues.github.io/nfl_table/img/jets.png"" />",New York Jets,
7,22/10,15:00,Los Angeles Rams,"<img src=""https://fsorodrigues.github.io/nfl_table/img/rams.png"" />",33,x,0,"<img src=""https://fsorodrigues.github.io/nfl_table/img/cardinals.png"" />",Arizona Cardinals,
7,22/10,15:00,Chicago Bears,"<img src=""https://fsorodrigues.github.io/nfl_table/img/bears.png"" />",17,x,3,"<img src=""https://fsorodrigues.github.io/nfl_table/img/panthers.png"" />",Carolina Panthers,
7,22/10,15:00,Minnesota Vikings,"<img src=""https://fsorodrigues.github.io/nfl_table/img/vikings.png"" />",24,x,16,"<img src=""https://fsorodrigues.github.io/nfl_table/img/ravens.png"" />",Baltimore Ravens,ESPN+
7,22/10,15:00,Indianapolis Colts,"<img src=""https://fsorodrigues.github.io/nfl_table/img/colts.png"" />",0,x,27,"<img src=""https://fsorodrigues.github.io/nfl_table/img/jaguars.png"" />",Jacksonville Jaguars,
7,22/10,18:05,San Francisco 49ers,"<img src=""https://fsorodrigues.github.io/nfl_table/img/49ers.png"" />",10,x,40,"<img src=""https://fsorodrigues.github.io/nfl_table/img/cowboys.png"" />",Dallas Cowboys,
7,22/10,18:25,Pittsburgh Steelers,"<img src=""https://fsorodrigues.github.io/nfl_table/img/steelers.png"" />",29,x,14,"<img src=""https://fsorodrigues.github.io/nfl_table/img/bengals.png"" />",Cincinnati Bengals,ESPN
7,22/10,18:25,Los Angeles Chargers,"<img src=""https://fsorodrigues.github.io/nfl_table/img/chargers.png"" />",21,x,0,"<img src=""https://fsorodrigues.github.io/nfl_table/img/broncos.png"" />",Denver Broncos,ESPN Extra
7,22/10,18:25,New York Giants,"<img src=""https://fsorodrigues.github.io/nfl_table/img/giants.png"" />",7,x,24,"<img src=""https://fsorodrigues.github.io/nfl_table/img/seahawks.png"" />",Seattle Seahawks,
7,22/10,22:30,New England Patriots,"<img src=""https://fsorodrigues.github.io/nfl_table/img/patriots.png"" />",23,x,7,"<img src=""https://fsorodrigues.github.io/nfl_table/img/falcons.png"" />",Atlanta Falcons,ESPN
7,23/10,22:30,Philadelphia Eagles,"<img src=""https://fsorodrigues.github.io/nfl_table/img/eagles.png"" />",34,x,24,"<img src=""https://fsorodrigues.github.io/nfl_table/img/redskins.png"" />",Washington Redskins,ESPN
8,26/10,22:25,Baltimore Ravens,"<img src=""https://fsorodrigues.github.io/nfl_table/img/ravens.png"" />",40,x,0,"<img src=""https://fsorodrigues.github.io/nfl_table/img/dolphins.png"" />",Miami Dolphins,ESPN
8,29/10,11:30,Cleveland Browns,"<img src=""https://fsorodrigues.github.io/nfl_table/img/browns.png"" />",16,x,33,"<img src=""https://fsorodrigues.github.io/nfl_table/img/vikings.png"" />",Minnesota Vikings,
8,29/10,15:00,New England Patriots,"<img src=""https://fsorodrigues.github.io/nfl_table/img/patriots.png"" />",21,x,13,"<img src=""https://fsorodrigues.github.io/nfl_table/img/chargers.png"" />",Los Angeles Chargers,
8,29/10,15:00,Philadelphia Eagles,"<img src=""https://fsorodrigues.github.io/nfl_table/img/eagles.png"" />",33,x,10,"<img src=""https://fsorodrigues.github.io/nfl_table/img/49ers.png"" />",San Francisco 49ers,
8,29/10,15:00,Cincinnati Bengals,"<img src=""https://fsorodrigues.github.io/nfl_table/img/bengals.png"" />",24,x,23,"<img src=""https://fsorodrigues.github.io/nfl_table/img/colts.png"" />",Indianapolis Colts,
8,29/10,15:00,Buffalo Bills,"<img src=""https://fsorodrigues.github.io/nfl_table/img/bills.png"" />",34,x,14,"<img src=""https://fsorodrigues.github.io/nfl_table/img/raiders.png"" />",Oakland Raiders,
8,29/10,15:00,New York Jets,"<img src=""https://fsorodrigues.github.io/nfl_table/img/jets.png"" />",20,x,25,"<img src=""https://fsorodrigues.github.io/nfl_table/img/falcons.png"" />",Atlanta Falcons,
8,29/10,15:00,New Orleans Saints,"<img src=""https://fsorodrigues.github.io/nfl_table/img/saints.png"" />",20,x,12,"<img src=""https://fsorodrigues.github.io/nfl_table/img/bears.png"" />",Chicago Bears,
8,29/10,15:00,Tampa Bay Buccaneers,"<img src=""https://fsorodrigues.github.io/nfl_table/img/bucs.png"" />",3,x,17,"<img src=""https://fsorodrigues.github.io/nfl_table/img/panthers.png"" />",Carolina Panthers,
8,29/10,18:05,Seattle Seahawks,"<img src=""https://fsorodrigues.github.io/nfl_table/img/seahawks.png"" />",41,x,38,"<img src=""https://fsorodrigues.github.io/nfl_table/img/texans.png"" />",Houston Texans,
8,29/10,18:25,Washington Redskins,"<img src=""https://fsorodrigues.github.io/nfl_table/img/redskins.png"" />",19,x,33,"<img src=""https://fsorodrigues.github.io/nfl_table/img/cowboys.png"" />",Dallas Cowboys,
8,29/10,22:30,Detroit Lions,"<img src=""https://fsorodrigues.github.io/nfl_table/img/lions.png"" />",15,x,20,"<img src=""https://fsorodrigues.github.io/nfl_table/img/steelers.png"" />",Pittsburgh Steelers,ESPN
8,30/10,22:30,Kansas City Chiefs,"<img src=""https://fsorodrigues.github.io/nfl_table/img/chiefs.png"" />",29,x,19,"<img src=""https://fsorodrigues.github.io/nfl_table/img/broncos.png"" />",Denver Broncos,ESPN
9,02/11,22:25,New York Jets,"<img src=""https://fsorodrigues.github.io/nfl_table/img/jets.png"" />",34,x,21,"<img src=""https://fsorodrigues.github.io/nfl_table/img/bills.png"" />",Buffalo Bills,ESPN
9,05/11,16:00,Jacksonville Jaguars,"<img src=""https://fsorodrigues.github.io/nfl_table/img/jaguars.png"" />",23,x,7,"<img src=""https://fsorodrigues.github.io/nfl_table/img/bengals.png"" />",Cincinnati Bengals,
9,05/11,16:00,Carolina Panthers,"<img src=""https://fsorodrigues.github.io/nfl_table/img/panthers.png"" />",20,x,17,"<img src=""https://fsorodrigues.github.io/nfl_table/img/falcons.png"" />",Atlanta Falcons,
9,05/11,16:00,Tennessee Titans,"<img src=""https://fsorodrigues.github.io/nfl_table/img/titans.png"" />",23,x,20,"<img src=""https://fsorodrigues.github.io/nfl_table/img/ravens.png"" />",Baltimore Ravens,
9,05/11,16:00,New Orleans Saints,"<img src=""https://fsorodrigues.github.io/nfl_table/img/saints.png"" />",31,x,10,"<img src=""https://fsorodrigues.github.io/nfl_table/img/bucs.png"" />",Tampa Bay Buccaneers,
9,05/11,16:00,Houston Texans,"<img src=""https://fsorodrigues.github.io/nfl_table/img/texans.png"" />",14,x,20,"<img src=""https://fsorodrigues.github.io/nfl_table/img/colts.png"" />",Indianapolis Colts,
9,05/11,16:00,Philadelphia Eagles,"<img src=""https://fsorodrigues.github.io/nfl_table/img/eagles.png"" />",51,x,23,"<img src=""https://fsorodrigues.github.io/nfl_table/img/broncos.png"" />",Denver Broncos,
9,05/11,16:00,New York Giants,"<img src=""https://fsorodrigues.github.io/nfl_table/img/giants.png"" />",17,x,51,"<img src=""https://fsorodrigues.github.io/nfl_table/img/rams.png"" />",Los Angeles Rams,
9,05/11,19:05,Seattle Seahawks,"<img src=""https://fsorodrigues.github.io/nfl_table/img/seahawks.png"" />",14,x,17,"<img src=""https://fsorodrigues.github.io/nfl_table/img/redskins.png"" />",Washington Redskins,
9,05/11,19:05,San Francisco 49ers,"<img src=""https://fsorodrigues.github.io/nfl_table/img/49ers.png"" />",10,x,20,"<img src=""https://fsorodrigues.github.io/nfl_table/img/cardinals.png"" />",Arizona Cardinals,
9,05/11,19:25,Dallas Cowboys,"<img src=""https://fsorodrigues.github.io/nfl_table/img/cowboys.png"" />",28,x,17,"<img src=""https://fsorodrigues.github.io/nfl_table/img/chiefs.png"" />",Kansas City Chiefs,
9,05/11,23:30,Miami Dolphins,"<img src=""https://fsorodrigues.github.io/nfl_table/img/dolphins.png"" />",24,x,27,"<img src=""https://fsorodrigues.github.io/nfl_table/img/raiders.png"" />",Oakland Raiders,ESPN
9,06/11,23:30,Green Bay Packers,"<img src=""https://fsorodrigues.github.io/nfl_table/img/packers.png"" />",17,x,30,"<img src=""https://fsorodrigues.github.io/nfl_table/img/lions.png"" />",Detroit Lions,ESPN
10,09/11,23:25,Arizona Cardinals,"<img src=""https://fsorodrigues.github.io/nfl_table/img/cardinals.png"" />",-,x,-,"<img src=""https://fsorodrigues.github.io/nfl_table/img/seahawks.png"" />",Seattle Seahawks,ESPN
10,12/11,16:00,Washington Redskins,"<img src=""https://fsorodrigues.github.io/nfl_table/img/redskins.png"" />",-,x,-,"<img src=""https://fsorodrigues.github.io/nfl_table/img/vikings.png"" />",Minnesota Vikings,
10,12/11,16:00,Detroit Lions,"<img src=""https://fsorodrigues.github.io/nfl_table/img/lions.png"" />",-,x,-,"<img src=""https://fsorodrigues.github.io/nfl_table/img/browns.png"" />",Cleveland Browns,
10,12/11,16:00,Tennessee Titans,"<img src=""https://fsorodrigues.github.io/nfl_table/img/titans.png"" />",-,x,-,"<img src=""https://fsorodrigues.github.io/nfl_table/img/bengals.png"" />",Cincinnati Bengals,
10,12/11,16:00,Jacksonville Jaguars,"<img src=""https://fsorodrigues.github.io/nfl_table/img/jaguars.png"" />",-,x,-,"<img src=""https://fsorodrigues.github.io/nfl_table/img/chargers.png"" />",Los Angeles Chargers,
10,12/11,16:00,Buffalo Bills,"<img src=""https://fsorodrigues.github.io/nfl_table/img/bills.png"" />",-,x,-,"<img src=""https://fsorodrigues.github.io/nfl_table/img/saints.png"" />",New Orleans Saints,
10,12/11,16:00,Tampa Bay Buccaneers,"<img src=""https://fsorodrigues.github.io/nfl_table/img/bucs.png"" />",-,x,-,"<img src=""https://fsorodrigues.github.io/nfl_table/img/jets.png"" />",New York Jets,
10,12/11,16:00,Indianapolis Colts,"<img src=""https://fsorodrigues.github.io/nfl_table/img/colts.png"" />",-,x,-,"<img src=""https://fsorodrigues.github.io/nfl_table/img/steelers.png"" />",Pittsburgh Steelers,
10,12/11,16:00,Chicago Bears,"<img src=""https://fsorodrigues.github.io/nfl_table/img/bears.png"" />",-,x,-,"<img src=""https://fsorodrigues.github.io/nfl_table/img/packers.png"" />",Green Bay Packers,
10,12/11,19:05,Los Angeles Rams,"<img src=""https://fsorodrigues.github.io/nfl_table/img/rams.png"" />",-,x,-,"<img src=""https://fsorodrigues.github.io/nfl_table/img/texans.png"" />",Houston Texans,
10,12/11,19:25,San Francisco 49ers,"<img src=""https://fsorodrigues.github.io/nfl_table/img/49ers.png"" />",-,x,-,"<img src=""https://fsorodrigues.github.io/nfl_table/img/giants.png"" />",New York Giants,
10,12/11,19:25,Atlanta Falcons,"<img src=""https://fsorodrigues.github.io/nfl_table/img/falcons.png"" />",-,x,-,"<img src=""https://fsorodrigues.github.io/nfl_table/img/cowboys.png"" />",Dallas Cowboys,
10,12/11,23:30,Denver Broncos,"<img src=""https://fsorodrigues.github.io/nfl_table/img/broncos.png"" />",-,x,-,"<img src=""https://fsorodrigues.github.io/nfl_table/img/patriots.png"" />",New England Patriots,ESPN
10,13/11,23:30,Carolina Panthers,"<img src=""https://fsorodrigues.github.io/nfl_table/img/panthers.png"" />",-,x,-,"<img src=""https://fsorodrigues.github.io/nfl_table/img/dolphins.png"" />",Miami Dolphins,ESPN
11,16/11,23:25,Pittsburgh Steelers,"<img src=""https://fsorodrigues.github.io/nfl_table/img/steelers.png"" />",-,x,-,"<img src=""https://fsorodrigues.github.io/nfl_table/img/titans.png"" />",Tennessee Titans,ESPN
11,19/11,16:00,Minnesota Vikings,"<img src=""https://fsorodrigues.github.io/nfl_table/img/vikings.png"" />",-,x,-,"<img src=""https://fsorodrigues.github.io/nfl_table/img/rams.png"" />",Los Angeles Rams,
11,19/11,16:00,Cleveland Browns,"<img src=""https://fsorodrigues.github.io/nfl_table/img/browns.png"" />",-,x,-,"<img src=""https://fsorodrigues.github.io/nfl_table/img/jaguars.png"" />",Jacksonville Jaguars,
11,19/11,16:00,New York Giants,"<img src=""https://fsorodrigues.github.io/nfl_table/img/giants.png"" />",-,x,-,"<img src=""https://fsorodrigues.github.io/nfl_table/img/chiefs.png"" />",Kansas City Chiefs,
11,19/11,16:00,Green Bay Packers,"<img src=""https://fsorodrigues.github.io/nfl_table/img/packers.png"" />",-,x,-,"<img src=""https://fsorodrigues.github.io/nfl_table/img/ravens.png"" />",Baltimore Ravens,
11,19/11,16:00,Miami Dolphins,"<img src=""https://fsorodrigues.github.io/nfl_table/img/dolphins.png"" />",-,x,-,"<img src=""https://fsorodrigues.github.io/nfl_table/img/bucs.png"" />",Tampa Bay Buccaneers,
11,19/11,16:00,New Orleans Saints,"<img src=""https://fsorodrigues.github.io/nfl_table/img/saints.png"" />",-,x,-,"<img src=""https://fsorodrigues.github.io/nfl_table/img/redskins.png"" />",Washington Redskins,
11,19/11,16:00,Houston Texans,"<img src=""https://fsorodrigues.github.io/nfl_table/img/texans.png"" />",-,x,-,"<img src=""https://fsorodrigues.github.io/nfl_table/img/cardinals.png"" />",Arizona Cardinals,
11,19/11,16:00,Chicago Bears,"<img src=""https://fsorodrigues.github.io/nfl_table/img/bears.png"" />",-,x,-,"<img src=""https://fsorodrigues.github.io/nfl_table/img/lions.png"" />",Detroit Lions,
11,19/11,19:05,Los Angeles Chargers,"<img src=""https://fsorodrigues.github.io/nfl_table/img/chargers.png"" />",-,x,-,"<img src=""https://fsorodrigues.github.io/nfl_table/img/bills.png"" />",Buffalo Bills,
11,19/11,19:25,Oakland Raiders,"<img src=""https://fsorodrigues.github.io/nfl_table/img/raiders.png"" />",-,x,-,"<img src=""https://fsorodrigues.github.io/nfl_table/img/patriots.png"" />",New England Patriots,
11,19/11,19:25,Denver Broncos,"<img src=""https://fsorodrigues.github.io/nfl_table/img/broncos.png"" />",-,x,-,"<img src=""https://fsorodrigues.github.io/nfl_table/img/bengals.png"" />",Cincinnati Bengals,
11,19/11,23:30,Dallas Cowboys,"<img src=""https://fsorodrigues.github.io/nfl_table/img/cowboys.png"" />",-,x,-,"<img src=""https://fsorodrigues.github.io/nfl_table/img/eagles.png"" />",Philadelphia Eagles,ESPN
11,20/11,23:30,Seattle Seahawks,"<img src=""https://fsorodrigues.github.io/nfl_table/img/seahawks.png"" />",-,x,-,"<img src=""https://fsorodrigues.github.io/nfl_table/img/falcons.png"" />",Atlanta Falcons,ESPN
12,23/11,15:30,Detroit Lions,"<img src=""https://fsorodrigues.github.io/nfl_table/img/lions.png"" />",-,x,-,"<img src=""https://fsorodrigues.github.io/nfl_table/img/vikings.png"" />",Minnesota Vikings,ESPN
12,23/11,19:30,Dallas Cowboys,"<img src=""https://fsorodrigues.github.io/nfl_table/img/cowboys.png"" />",-,x,-,"<img src=""https://fsorodrigues.github.io/nfl_table/img/chargers.png"" />",Los Angeles Chargers,
12,23/11,23:30,Washington Redskins,"<img src=""https://fsorodrigues.github.io/nfl_table/img/redskins.png"" />",-,x,-,"<img src=""https://fsorodrigues.github.io/nfl_table/img/giants.png"" />",New York Giants,
12,26/11,16:00,Philadelphia Eagles,"<img src=""https://fsorodrigues.github.io/nfl_table/img/eagles.png"" />",-,x,-,"<img src=""https://fsorodrigues.github.io/nfl_table/img/bears.png"" />",Chicago Bears,
12,26/11,16:00,New York Jets,"<img src=""https://fsorodrigues.github.io/nfl_table/img/jets.png"" />",-,x,-,"<img src=""https://fsorodrigues.github.io/nfl_table/img/panthers.png"" />",Carolina Panthers,
12,26/11,16:00,Kansas City Chiefs,"<img src=""https://fsorodrigues.github.io/nfl_table/img/chiefs.png"" />",-,x,-,"<img src=""https://fsorodrigues.github.io/nfl_table/img/bills.png"" />",Buffalo Bills,
12,26/11,16:00,Cincinnati Bengals,"<img src=""https://fsorodrigues.github.io/nfl_table/img/bengals.png"" />",-,x,-,"<img src=""https://fsorodrigues.github.io/nfl_table/img/browns.png"" />",Cleveland Browns,
12,26/11,16:00,New England Patriots,"<img src=""https://fsorodrigues.github.io/nfl_table/img/patriots.png"" />",-,x,-,"<img src=""https://fsorodrigues.github.io/nfl_table/img/dolphins.png"" />",Miami Dolphins,
12,26/11,16:00,Indianapolis Colts,"<img src=""https://fsorodrigues.github.io/nfl_table/img/colts.png"" />",-,x,-,"<img src=""https://fsorodrigues.github.io/nfl_table/img/titans.png"" />",Tennessee Titans,
12,26/11,16:00,Atlanta Falcons,"<img src=""https://fsorodrigues.github.io/nfl_table/img/falcons.png"" />",-,x,-,"<img src=""https://fsorodrigues.github.io/nfl_table/img/bucs.png"" />",Tampa Bay Buccaneers,
12,26/11,19:05,San Francisco 49ers,"<img src=""https://fsorodrigues.github.io/nfl_table/img/49ers.png"" />",-,x,-,"<img src=""https://fsorodrigues.github.io/nfl_table/img/seahawks.png"" />",Seattle Seahawks,
12,26/11,19:05,Los Angeles Rams,"<img src=""https://fsorodrigues.github.io/nfl_table/img/rams.png"" />",-,x,-,"<img src=""https://fsorodrigues.github.io/nfl_table/img/saints.png"" />",New Orleans Saints,
12,26/11,19:25,Arizona Cardinals,"<img src=""https://fsorodrigues.github.io/nfl_table/img/cardinals.png"" />",-,x,-,"<img src=""https://fsorodrigues.github.io/nfl_table/img/jaguars.png"" />",Jacksonville Jaguars,
12,26/11,19:25,Oakland Raiders,"<img src=""https://fsorodrigues.github.io/nfl_table/img/raiders.png"" />",-,x,-,"<img src=""https://fsorodrigues.github.io/nfl_table/img/broncos.png"" />",Denver Broncos,
12,26/11,23:30,Pittsburgh Steelers,"<img src=""https://fsorodrigues.github.io/nfl_table/img/steelers.png"" />",-,x,-,"<img src=""https://fsorodrigues.github.io/nfl_table/img/packers.png"" />",Green Bay Packers,ESPN
12,27/11,23:30,Baltimore Ravens,"<img src=""https://fsorodrigues.github.io/nfl_table/img/ravens.png"" />",-,x,-,"<img src=""https://fsorodrigues.github.io/nfl_table/img/texans.png"" />",Houston Texans,ESPN
13,30/11,23:25,Dallas Cowboys,"<img src=""https://fsorodrigues.github.io/nfl_table/img/cowboys.png"" />",-,x,-,"<img src=""https://fsorodrigues.github.io/nfl_table/img/redskins.png"" />",Washington Redskins,ESPN
13,03/12,16:00,Miami Dolphins,"<img src=""https://fsorodrigues.github.io/nfl_table/img/dolphins.png"" />",-,x,-,"<img src=""https://fsorodrigues.github.io/nfl_table/img/broncos.png"" />",Denver Broncos,
13,03/12,16:00,Baltimore Ravens,"<img src=""https://fsorodrigues.github.io/nfl_table/img/ravens.png"" />",-,x,-,"<img src=""https://fsorodrigues.github.io/nfl_table/img/lions.png"" />",Detroit Lions,
13,03/12,16:00,Chicago Bears,"<img src=""https://fsorodrigues.github.io/nfl_table/img/bears.png"" />",-,x,-,"<img src=""https://fsorodrigues.github.io/nfl_table/img/49ers.png"" />",San Francisco 49ers,
13,03/12,16:00,New Orleans Saints,"<img src=""https://fsorodrigues.github.io/nfl_table/img/saints.png"" />",-,x,-,"<img src=""https://fsorodrigues.github.io/nfl_table/img/panthers.png"" />",Carolina Panthers,
13,03/12,16:00,Tennessee Titans,"<img src=""https://fsorodrigues.github.io/nfl_table/img/titans.png"" />",-,x,-,"<img src=""https://fsorodrigues.github.io/nfl_table/img/texans.png"" />",Houston Texans,
13,03/12,16:00,New York Jets,"<img src=""https://fsorodrigues.github.io/nfl_table/img/jets.png"" />",-,x,-,"<img src=""https://fsorodrigues.github.io/nfl_table/img/chiefs.png"" />",Kansas City Chiefs,
13,03/12,16:00,Atlanta Falcons,"<img src=""https://fsorodrigues.github.io/nfl_table/img/falcons.png"" />",-,x,-,"<img src=""https://fsorodrigues.github.io/nfl_table/img/vikings.png"" />",Minnesota Vikings,
13,03/12,16:00,Buffalo Bills,"<img src=""https://fsorodrigues.github.io/nfl_table/img/bills.png"" />",-,x,-,"<img src=""https://fsorodrigues.github.io/nfl_table/img/patriots.png"" />",New England Patriots,
13,03/12,16:00,Jacksonville Jaguars,"<img src=""https://fsorodrigues.github.io/nfl_table/img/jaguars.png"" />",-,x,-,"<img src=""https://fsorodrigues.github.io/nfl_table/img/colts.png"" />",Indianapolis Colts,
13,03/12,16:00,Green Bay Packers,"<img src=""https://fsorodrigues.github.io/nfl_table/img/packers.png"" />",-,x,-,"<img src=""https://fsorodrigues.github.io/nfl_table/img/bucs.png"" />",Tampa Bay Buccaneers,
13,03/12,19:05,Los Angeles Chargers,"<img src=""https://fsorodrigues.github.io/nfl_table/img/chargers.png"" />",-,x,-,"<img src=""https://fsorodrigues.github.io/nfl_table/img/browns.png"" />",Cleveland Browns,
13,03/12,19:25,Arizona Cardinals,"<img src=""https://fsorodrigues.github.io/nfl_table/img/cardinals.png"" />",-,x,-,"<img src=""https://fsorodrigues.github.io/nfl_table/img/rams.png"" />",Los Angeles Rams,
13,03/12,19:25,Oakland Raiders,"<img src=""https://fsorodrigues.github.io/nfl_table/img/raiders.png"" />",-,x,-,"<img src=""https://fsorodrigues.github.io/nfl_table/img/giants.png"" />",New York Giants,
13,03/12,23:30,Seattle Seahawks,"<img src=""https://fsorodrigues.github.io/nfl_table/img/seahawks.png"" />",-,x,-,"<img src=""https://fsorodrigues.github.io/nfl_table/img/eagles.png"" />",Philadelphia Eagles,ESPN
13,04/12,23:30,Cincinnati Bengals,"<img src=""https://fsorodrigues.github.io/nfl_table/img/bengals.png"" />",-,x,-,"<img src=""https://fsorodrigues.github.io/nfl_table/img/steelers.png"" />",Pittsburgh Steelers,ESPN
14,07/12,23:25,Atlanta Falcons,"<img src=""https://fsorodrigues.github.io/nfl_table/img/falcons.png"" />",-,x,-,"<img src=""https://fsorodrigues.github.io/nfl_table/img/saints.png"" />",New Orleans Saints,ESPN
14,10/12,16:00,Kansas City Chiefs,"<img src=""https://fsorodrigues.github.io/nfl_table/img/chiefs.png"" />",-,x,-,"<img src=""https://fsorodrigues.github.io/nfl_table/img/raiders.png"" />",Oakland Raiders,
14,10/12,16:00,Cincinnati Bengals,"<img src=""https://fsorodrigues.github.io/nfl_table/img/bengals.png"" />",-,x,-,"<img src=""https://fsorodrigues.github.io/nfl_table/img/bears.png"" />",Chicago Bears,
14,10/12,16:00,Cleveland Browns,"<img src=""https://fsorodrigues.github.io/nfl_table/img/browns.png"" />",-,x,-,"<img src=""https://fsorodrigues.github.io/nfl_table/img/packers.png"" />",Green Bay Packers,
14,10/12,16:00,Tampa Bay Buccaneers,"<img src=""https://fsorodrigues.github.io/nfl_table/img/bucs.png"" />",-,x,-,"<img src=""https://fsorodrigues.github.io/nfl_table/img/lions.png"" />",Detroit Lions,
14,10/12,16:00,Houston Texans,"<img src=""https://fsorodrigues.github.io/nfl_table/img/texans.png"" />",-,x,-,"<img src=""https://fsorodrigues.github.io/nfl_table/img/49ers.png"" />",San Francisco 49ers,
14,10/12,16:00,Jacksonville Jaguars,"<img src=""https://fsorodrigues.github.io/nfl_table/img/jaguars.png"" />",-,x,-,"<img src=""https://fsorodrigues.github.io/nfl_table/img/seahawks.png"" />",Seattle Seahawks,
14,10/12,16:00,Carolina Panthers,"<img src=""https://fsorodrigues.github.io/nfl_table/img/panthers.png"" />",-,x,-,"<img src=""https://fsorodrigues.github.io/nfl_table/img/vikings.png"" />",Minnesota Vikings,
14,10/12,16:00,Buffalo Bills,"<img src=""https://fsorodrigues.github.io/nfl_table/img/bills.png"" />",-,x,-,"<img src=""https://fsorodrigues.github.io/nfl_table/img/colts.png"" />",Indianapolis Colts,
14,10/12,19:05,Denver Broncos,"<img src=""https://fsorodrigues.github.io/nfl_table/img/broncos.png"" />",-,x,-,"<img src=""https://fsorodrigues.github.io/nfl_table/img/jets.png"" />",New York Jets,
14,10/12,19:05,Arizona Cardinals,"<img src=""https://fsorodrigues.github.io/nfl_table/img/cardinals.png"" />",-,x,-,"<img src=""https://fsorodrigues.github.io/nfl_table/img/titans.png"" />",Tennessee Titans,
14,10/12,19:05,Los Angeles Chargers,"<img src=""https://fsorodrigues.github.io/nfl_table/img/chargers.png"" />",-,x,-,"<img src=""https://fsorodrigues.github.io/nfl_table/img/redskins.png"" />",Washington Redskins,
14,10/12,19:25,Los Angeles Rams,"<img src=""https://fsorodrigues.github.io/nfl_table/img/rams.png"" />",-,x,-,"<img src=""https://fsorodrigues.github.io/nfl_table/img/eagles.png"" />",Philadelphia Eagles,
14,10/12,19:25,New York Giants,"<img src=""https://fsorodrigues.github.io/nfl_table/img/giants.png"" />",-,x,-,"<img src=""https://fsorodrigues.github.io/nfl_table/img/cowboys.png"" />",Dallas Cowboys,
14,10/12,23:30,Pittsburgh Steelers,"<img src=""https://fsorodrigues.github.io/nfl_table/img/steelers.png"" />",-,x,-,"<img src=""https://fsorodrigues.github.io/nfl_table/img/ravens.png"" />",Baltimore Ravens,ESPN
14,11/12,23:30,Miami Dolphins,"<img src=""https://fsorodrigues.github.io/nfl_table/img/dolphins.png"" />",-,x,-,"<img src=""https://fsorodrigues.github.io/nfl_table/img/patriots.png"" />",New England Patriots,ESPN
15,14/12,23:25,Indianapolis Colts,"<img src=""https://fsorodrigues.github.io/nfl_table/img/colts.png"" />",-,x,-,"<img src=""https://fsorodrigues.github.io/nfl_table/img/broncos.png"" />",Denver Broncos,ESPN
15,16/12,19:30,Detroit Lions,"<img src=""https://fsorodrigues.github.io/nfl_table/img/lions.png"" />",-,x,-,"<img src=""https://fsorodrigues.github.io/nfl_table/img/bears.png"" />",Chicago Bears,
15,16/12,23:25,Kansas City Chiefs,"<img src=""https://fsorodrigues.github.io/nfl_table/img/chiefs.png"" />",-,x,-,"<img src=""https://fsorodrigues.github.io/nfl_table/img/chargers.png"" />",Los Angeles Chargers,
15,17/12,16:00,Carolina Panthers,"<img src=""https://fsorodrigues.github.io/nfl_table/img/panthers.png"" />",-,x,-,"<img src=""https://fsorodrigues.github.io/nfl_table/img/packers.png"" />",Green Bay Packers,
15,17/12,16:00,Buffalo Bills,"<img src=""https://fsorodrigues.github.io/nfl_table/img/bills.png"" />",-,x,-,"<img src=""https://fsorodrigues.github.io/nfl_table/img/dolphins.png"" />",Miami Dolphins,
15,17/12,16:00,Minnesota Vikings,"<img src=""https://fsorodrigues.github.io/nfl_table/img/vikings.png"" />",-,x,-,"<img src=""https://fsorodrigues.github.io/nfl_table/img/bengals.png"" />",Cincinnati Bengals,
15,17/12,16:00,Jacksonville Jaguars,"<img src=""https://fsorodrigues.github.io/nfl_table/img/jaguars.png"" />",-,x,-,"<img src=""https://fsorodrigues.github.io/nfl_table/img/texans.png"" />",Houston Texans,
15,17/12,16:00,New Orleans Saints,"<img src=""https://fsorodrigues.github.io/nfl_table/img/saints.png"" />",-,x,-,"<img src=""https://fsorodrigues.github.io/nfl_table/img/jets.png"" />",New York Jets,
15,17/12,16:00,Cleveland Browns,"<img src=""https://fsorodrigues.github.io/nfl_table/img/browns.png"" />",-,x,-,"<img src=""https://fsorodrigues.github.io/nfl_table/img/ravens.png"" />",Baltimore Ravens,
15,17/12,16:00,New York Giants,"<img src=""https://fsorodrigues.github.io/nfl_table/img/giants.png"" />",-,x,-,"<img src=""https://fsorodrigues.github.io/nfl_table/img/eagles.png"" />",Philadelphia Eagles,
15,17/12,16:00,Washington Redskins,"<img src=""https://fsorodrigues.github.io/nfl_table/img/redskins.png"" />",-,x,-,"<img src=""https://fsorodrigues.github.io/nfl_table/img/cardinals.png"" />",Arizona Cardinals,
15,17/12,19:05,Seattle Seahawks,"<img src=""https://fsorodrigues.github.io/nfl_table/img/seahawks.png"" />",-,x,-,"<img src=""https://fsorodrigues.github.io/nfl_table/img/rams.png"" />",Los Angeles Rams,
15,17/12,19:25,San Francisco 49ers,"<img src=""https://fsorodrigues.github.io/nfl_table/img/49ers.png"" />",-,x,-,"<img src=""https://fsorodrigues.github.io/nfl_table/img/titans.png"" />",Tennessee Titans,
15,17/12,19:25,Pittsburgh Steelers,"<img src=""https://fsorodrigues.github.io/nfl_table/img/steelers.png"" />",-,x,-,"<img src=""https://fsorodrigues.github.io/nfl_table/img/patriots.png"" />",New England Patriots,
15,17/12,23:30,Oakland Raiders,"<img src=""https://fsorodrigues.github.io/nfl_table/img/raiders.png"" />",-,x,-,"<img src=""https://fsorodrigues.github.io/nfl_table/img/cowboys.png"" />",Dallas Cowboys,ESPN
15,18/12,23:30,Tampa Bay Buccaneers,"<img src=""https://fsorodrigues.github.io/nfl_table/img/bucs.png"" />",-,x,-,"<img src=""https://fsorodrigues.github.io/nfl_table/img/falcons.png"" />",Atlanta Falcons,ESPN
16,23/12,19:30,Baltimore Ravens,"<img src=""https://fsorodrigues.github.io/nfl_table/img/ravens.png"" />",-,x,-,"<img src=""https://fsorodrigues.github.io/nfl_table/img/colts.png"" />",Indianapolis Colts,ESPN
16,23/12,23:30,Green Bay Packers,"<img src=""https://fsorodrigues.github.io/nfl_table/img/packers.png"" />",-,x,-,"<img src=""https://fsorodrigues.github.io/nfl_table/img/vikings.png"" />",Minnesota Vikings,ESPN
16,24/12,16:00,New England Patriots,"<img src=""https://fsorodrigues.github.io/nfl_table/img/patriots.png"" />",-,x,-,"<img src=""https://fsorodrigues.github.io/nfl_table/img/bills.png"" />",Buffalo Bills,
16,24/12,16:00,Washington Redskins,"<img src=""https://fsorodrigues.github.io/nfl_table/img/redskins.png"" />",-,x,-,"<img src=""https://fsorodrigues.github.io/nfl_table/img/broncos.png"" />",Denver Broncos,
16,24/12,16:00,Cincinnati Bengals,"<img src=""https://fsorodrigues.github.io/nfl_table/img/bengals.png"" />",-,x,-,"<img src=""https://fsorodrigues.github.io/nfl_table/img/lions.png"" />",Detroit Lions,
16,24/12,16:00,New Orleans Saints,"<img src=""https://fsorodrigues.github.io/nfl_table/img/saints.png"" />",-,x,-,"<img src=""https://fsorodrigues.github.io/nfl_table/img/falcons.png"" />",Atlanta Falcons,
16,24/12,16:00,Chicago Bears,"<img src=""https://fsorodrigues.github.io/nfl_table/img/bears.png"" />",-,x,-,"<img src=""https://fsorodrigues.github.io/nfl_table/img/browns.png"" />",Cleveland Browns,
16,24/12,16:00,Tennessee Titans,"<img src=""https://fsorodrigues.github.io/nfl_table/img/titans.png"" />",-,x,-,"<img src=""https://fsorodrigues.github.io/nfl_table/img/rams.png"" />",Los Angeles Rams,
16,24/12,16:00,Kansas City Chiefs,"<img src=""https://fsorodrigues.github.io/nfl_table/img/chiefs.png"" />",-,x,-,"<img src=""https://fsorodrigues.github.io/nfl_table/img/dolphins.png"" />",Miami Dolphins,
16,24/12,16:00,New York Jets,"<img src=""https://fsorodrigues.github.io/nfl_table/img/jets.png"" />",-,x,-,"<img src=""https://fsorodrigues.github.io/nfl_table/img/chargers.png"" />",Los Angeles Chargers,
16,24/12,16:00,Carolina Panthers,"<img src=""https://fsorodrigues.github.io/nfl_table/img/panthers.png"" />",-,x,-,"<img src=""https://fsorodrigues.github.io/nfl_table/img/bucs.png"" />",Tampa Bay Buccaneers,
16,24/12,19:05,San Francisco 49ers,"<img src=""https://fsorodrigues.github.io/nfl_table/img/49ers.png"" />",-,x,-,"<img src=""https://fsorodrigues.github.io/nfl_table/img/jaguars.png"" />",Jacksonville Jaguars,
16,24/12,19:25,Dallas Cowboys,"<img src=""https://fsorodrigues.github.io/nfl_table/img/cowboys.png"" />",-,x,-,"<img src=""https://fsorodrigues.github.io/nfl_table/img/seahawks.png"" />",Seattle Seahawks,
16,24/12,19:25,Arizona Cardinals,"<img src=""https://fsorodrigues.github.io/nfl_table/img/cardinals.png"" />",-,x,-,"<img src=""https://fsorodrigues.github.io/nfl_table/img/giants.png"" />",New York Giants,ESPN
16,25/12,19:30,Houston Texans,"<img src=""https://fsorodrigues.github.io/nfl_table/img/texans.png"" />",-,x,-,"<img src=""https://fsorodrigues.github.io/nfl_table/img/steelers.png"" />",Pittsburgh Steelers,ESPN
16,25/12,23:30,Philadelphia Eagles,"<img src=""https://fsorodrigues.github.io/nfl_table/img/eagles.png"" />",-,x,-,"<img src=""https://fsorodrigues.github.io/nfl_table/img/raiders.png"" />",Oakland Raiders,ESPN
17,31/12,16:00,New York Giants,"<img src=""https://fsorodrigues.github.io/nfl_table/img/giants.png"" />",-,x,-,"<img src=""https://fsorodrigues.github.io/nfl_table/img/redskins.png"" />",Washington Redskins,
17,31/12,16:00,Philadelphia Eagles,"<img src=""https://fsorodrigues.github.io/nfl_table/img/eagles.png"" />",-,x,-,"<img src=""https://fsorodrigues.github.io/nfl_table/img/cowboys.png"" />",Dallas Cowboys,
17,31/12,16:00,Atlanta Falcons,"<img src=""https://fsorodrigues.github.io/nfl_table/img/falcons.png"" />",-,x,-,"<img src=""https://fsorodrigues.github.io/nfl_table/img/panthers.png"" />",Carolina Panthers,
17,31/12,16:00,Miami Dolphins,"<img src=""https://fsorodrigues.github.io/nfl_table/img/dolphins.png"" />",-,x,-,"<img src=""https://fsorodrigues.github.io/nfl_table/img/bills.png"" />",Buffalo Bills,
17,31/12,16:00,Minnesota Vikings,"<img src=""https://fsorodrigues.github.io/nfl_table/img/vikings.png"" />",-,x,-,"<img src=""https://fsorodrigues.github.io/nfl_table/img/bears.png"" />",Chicago Bears,
17,31/12,16:00,Detroit Lions,"<img src=""https://fsorodrigues.github.io/nfl_table/img/lions.png"" />",-,x,-,"<img src=""https://fsorodrigues.github.io/nfl_table/img/packers.png"" />",Green Bay Packers,
17,31/12,16:00,Tennessee Titans,"<img src=""https://fsorodrigues.github.io/nfl_table/img/titans.png"" />",-,x,-,"<img src=""https://fsorodrigues.github.io/nfl_table/img/jaguars.png"" />",Jacksonville Jaguars,
17,31/12,16:00,Baltimore Ravens,"<img src=""https://fsorodrigues.github.io/nfl_table/img/ravens.png"" />",-,x,-,"<img src=""https://fsorodrigues.github.io/nfl_table/img/bengals.png"" />",Cincinnati Bengals,
17,31/12,16:00,Indianapolis Colts,"<img src=""https://fsorodrigues.github.io/nfl_table/img/colts.png"" />",-,x,-,"<img src=""https://fsorodrigues.github.io/nfl_table/img/texans.png"" />",Houston Texans,
17,31/12,16:00,Tampa Bay Buccaneers,"<img src=""https://fsorodrigues.github.io/nfl_table/img/bucs.png"" />",-,x,-,"<img src=""https://fsorodrigues.github.io/nfl_table/img/saints.png"" />",New Orleans Saints,
17,31/12,16:00,New England Patriots,"<img src=""https://fsorodrigues.github.io/nfl_table/img/patriots.png"" />",-,x,-,"<img src=""https://fsorodrigues.github.io/nfl_table/img/jets.png"" />",New York Jets,
17,31/12,16:00,Pittsburgh Steelers,"<img src=""https://fsorodrigues.github.io/nfl_table/img/steelers.png"" />",-,x,-,"<img src=""https://fsorodrigues.github.io/nfl_table/img/browns.png"" />",Cleveland Browns,
17,31/12,19:25,Los Angeles Chargers,"<img src=""https://fsorodrigues.github.io/nfl_table/img/chargers.png"" />",-,x,-,"<img src=""https://fsorodrigues.github.io/nfl_table/img/raiders.png"" />",Oakland Raiders,
17,31/12,19:25,Los Angeles Rams,"<img src=""https://fsorodrigues.github.io/nfl_table/img/rams.png"" />",-,x,-,"<img src=""https://fsorodrigues.github.io/nfl_table/img/49ers.png"" />",San Francisco 49ers,
17,31/12,19:25,Denver Broncos,"<img src=""https://fsorodrigues.github.io/nfl_table/img/broncos.png"" />",-,x,-,"<img src=""https://fsorodrigues.github.io/nfl_table/img/chiefs.png"" />",Kansas City Chiefs,
17,31/12,19:25,Seattle Seahawks,"<img src=""https://fsorodrigues.github.io/nfl_table/img/seahawks.png"" />",-,x,-,"<img src=""https://fsorodrigues.github.io/nfl_table/img/cardinals.png"" />",Arizona Cardinals,
